{"train_epoch": [0, 1, 2, 3, 4, 5, 6, 7, 8], "train_loss": [5.097501859961272, 4.285764546972866, 3.261437858466748, 1.5510313928203578, 0.4527357894385479, 0.2606705485351957, 0.1075453205813994, 0.0535618936805236, 0.0326649264093603], "test_epoch": [0, 1, 2, 3, 4, 5, 6, 7, 8], "epoch_test_metrics": [[0.02421262431992477, 0.03447996351138568, 0.037688434224945576, 0.104190602890488, 4.432535348362803], [0.0738210081020353, 0.10910206871614372, 0.08464115014654564, 0.1842534921690754, 4.127435596122963], [0.08365352843585667, 0.1581386705898463, 0.07615955647053839, 0.13980770393662695, 6.114145398139954], [0.058180977336360566, 0.1442962173521358, 0.05366973171163627, 0.10080425712039669, 16.347544378192097], [0.01556083804760752, 0.07483745772831402, 0.012670911986036246, 0.022857833948116347, 50.211656109276774], [0.11180164751095809, 0.143123777482354, 0.11527803925206431, 0.19404970671826813, 10.515594741592555], [0.11821357237596897, 0.14101062842405032, 0.11863064211435058, 0.20197133700187458, 10.56397870707558], [0.11889400525201863, 0.14479571998225696, 0.11810320776760755, 0.1991292253734051, 11.305215498234363], [0.12403539799561072, 0.13820786225771195, 0.12813794451924018, 0.2056600350728669, 11.081343739590746]]}