{"train_epoch": [0, 1, 2, 3, 4, 5, 6, 7, 8, 9, 10, 11, 12, 13, 14, 15, 16, 17, 18, 19], "train_loss": [5.097501859961272, 4.285764546972866, 3.261437858466748, 1.5510313928203578, 0.4527357894385479, 0.2606705485351957, 0.1075453205813994, 0.0535618936805236, 0.0326649264093603, 0.018253846302967124, 0.010590008685616067, 0.0074810571366984375, 0.005120660838724778, 0.0036156610846017428, 0.0025522115473657703, 0.002236621245828665, 0.001664330979357376, 0.0015932833754777058, 0.0013196170517637794, 0.0012474572042021172], "test_epoch": [0, 1, 2, 3, 4, 5, 6, 7, 8, 9, 10, 11, 12, 13, 14, 15, 16, 17, 18, 19], "epoch_test_metrics": [[0.02421262431992477, 0.03447996351138568, 0.037688434224945576, 0.104190602890488, 4.432535348362803], [0.0738210081020353, 0.10910206871614372, 0.08464115014654564, 0.1842534921690754, 4.127435596122963], [0.08365352843585667, 0.1581386705898463, 0.07615955647053839, 0.13980770393662695, 6.114145398139954], [0.058180977336360566, 0.1442962173521358, 0.05366973171163627, 0.10080425712039669, 16.347544378192097], [0.01556083804760752, 0.07483745772831402, 0.012670911986036246, 0.022857833948116347, 50.211656109276774], [0.11180164751095809, 0.143123777482354, 0.11527803925206431, 0.19404970671826813, 10.515594741592555], [0.11821357237596897, 0.14101062842405032, 0.11863064211435058, 0.20197133700187458, 10.56397870707558], [0.11889400525201863, 0.14479571998225696, 0.11810320776760755, 0.1991292253734051, 11.305215498234363], [0.12403539799561072, 0.13820786225771195, 0.12813794451924018, 0.2056600350728669, 11.081343739590746], [0.12377379818509827, 0.1333185398235165, 0.12599633710935734, 0.20614379875430852, 11.285139531185363], [0.12950292311416087, 0.13595628317994143, 0.1326890168036894, 0.214670133639717, 11.428976428116774], [0.12968447024878735, 0.14541745093037622, 0.13014011270810905, 0.20789744209953437, 11.035515511981293], [0.13062260565347472, 0.13460586364814367, 0.13281859042470934, 0.2141863699582754, 11.013703267394458], [0.12900417520650415, 0.1314264801564746, 0.13195417715454266, 0.21249319707322972, 11.1248710625868], [0.13008206815477466, 0.13504184824212082, 0.13120550425846864, 0.21049767188728305, 11.195120572813245], [0.13089982881390066, 0.13293909071903937, 0.13311205334742954, 0.21261413799359014, 11.161439084222746], [0.13025921260385254, 0.13188760395705562, 0.13266661750039974, 0.21225131523250892, 11.37670103724275], [0.1305071280101535, 0.13213314958274802, 0.13284943852130005, 0.2120699038519683, 11.422943450034932], [0.13051298474441184, 0.13225386797350164, 0.13283386878652542, 0.21243272661304952, 11.591915711674053], [0.131313773340969, 0.13333176478819672, 0.13345181491348562, 0.21291649029449114, 11.651542380192755]]}