{"train_epoch": [0, 1], "train_loss": [6.266915480295817, 5.591859896977742], "test_epoch": [0, 1], "epoch_test_metrics": [[0.00011337868480725623, 5.7870370370370366e-05, 0.002777777777777778, 0.020833333333333332, 5.875323295593262], [0.0001371742112482853, 7.032348804500703e-05, 0.002777777777777778, 0.020833333333333332, 5.91340700785319]]}